pep,S_Phosphorylation,T_Phosphorylation,K_Ubiquitination,Y_Phosphorylation,K_Acetylation,N_N-linked-Glycosylation,S_O-linked-Glycosylation,T_O-linked-Glycosylation,R_Methylation,K_Methylation,K_Sumoylation,K_Malonylation,M_Sulfoxidation,A_Acetylation,M_Acetylation,C_Glutathionylation,C_S-palmitoylation,P_Hydroxylation
VASLEESEGNKQDLKALKEAV,0.0,0.0,0.9414424300193787,1.3910887144887724e-13,0.16940291225910187,1.4009928861469234e-07,0.0,0.0,0.0,0.0010103340027853847,0.023382622748613358,0.07307978719472885,2.0051843865886987e-11,0.0,0.0,9.530009492664249e-08,2.90723249918301e-07,0.0,5.211624738876708e-06,0.00034254821366630495
KVYTIRPYFPKDEASVYKICR,0.0,0.0,0.8317223787307739,2.537729582030579e-09,0.2771511375904083,1.47334617395245e-07,0.0,0.0,0.0,0.07025622576475143,0.023312218487262726,0.03641394153237343,3.3896581097536682e-09,0.0,0.0,1.032873342410312e-08,6.50702336457698e-09,0.0,7.668460057175253e-06,0.006396128796041012
TKVKHNSRLPKEVQLE-----,0.0,0.0,0.8711544275283813,1.7972677165967177e-11,0.05226000398397446,1.716792752404217e-07,0.0,0.0,0.0,0.002714999485760927,0.03452817350625992,0.017765255644917488,5.02710557643421e-13,0.0,0.0,2.32220931373206e-09,6.18634294369258e-06,0.0,0.0005417045904323459,5.711772246286273e-05
EKQAFERLEVKKETLLAMFKY,0.0,0.0,0.6079846620559692,6.154071696684582e-11,0.3606812059879303,1.6255653767505152e-10,0.0,0.0,0.0,0.0057009803131222725,0.1546160727739334,0.1560276299715042,1.0246638607047664e-11,0.0,0.0,8.219409863841065e-08,1.5789606550242752e-05,0.0,1.8611879681884602e-07,0.00018338231893721968
RIYIKHPHLFKYAADPQDKHW,0.0,0.0,0.39210858941078186,1.0472487321777635e-09,0.2471330165863037,7.130183665715606e-10,0.0,0.0,0.0,0.014399169944226742,0.024350691586732864,0.013052405789494514,6.725551105618566e-12,0.0,0.0,2.017123819086919e-07,1.0111589432426626e-07,0.0,2.7230274213252414e-07,0.0001335852430202067
QRRRKLSRQLSRRERCVLS--,0.9989443421363831,0.0,1.2816678463423159e-05,2.2392903531454067e-07,4.223199994157767e-06,4.9683606562211935e-08,0.00468773627653718,0.0,0.0,0.0,6.198362143550185e-07,4.532553177227783e-08,1.1195812476216815e-05,0.0,0.0,2.6811807884996597e-08,5.218049864197383e-06,0.0,0.0,4.581091616273625e-06
NLFKPKERCISEKEMHMRSKR,0.2967323660850525,0.0,2.852287252608221e-06,1.5674940512244717e-11,0.0004722187004517764,3.1562803481932633e-09,0.7206780314445496,0.0,0.0,0.0,0.00030986013007350266,1.0382458413005224e-06,5.547911428038788e-07,0.0,0.0,2.3528432393504772e-06,1.17606068670284e-05,0.0,0.0,0.0717325359582901
QVPYKYDLYEKTLKYNSDLLN,0.0,0.0,0.9549404978752136,2.375319663183717e-10,0.10292477905750275,1.9832961939414417e-09,0.0,0.0,0.0,0.007266216911375523,0.005185913294553757,0.011219935491681099,9.044787141476718e-11,0.0,0.0,2.7342898079041333e-07,7.395848911073699e-07,0.0,2.0601410710696655e-07,0.00023007590789347887
LSTMECYTEEKANKIKADYEK,0.0,0.0,0.32493406534194946,5.410751057269292e-13,0.38043510913848877,1.9180291035980623e-12,0.0,0.0,0.0,0.003001280827447772,0.011339811608195305,0.05424235388636589,8.587996633280248e-12,0.0,0.0,2.904677387505217e-07,1.0546848017156663e-07,0.0,4.274689217709238e-06,0.0013848149683326483
--------MGNASNDSQSEDC,0.0,0.0,4.248087861924432e-05,2.5581425688869786e-07,0.0013278123224154115,0.9998761415481567,0.0,0.0,0.0,0.0,2.18149561987957e-05,0.00017534017388243228,1.9232074919273145e-06,0.0,0.0,1.4137941484193561e-08,0.00032283575274050236,0.0,0.0,9.030045475810766e-05
PAAAEEKKDEKKEESEESDDD,0.0,0.0,0.8440834879875183,1.9950280576858104e-12,0.35425272583961487,6.865923296572873e-08,0.0,0.0,0.0,0.0009916183771565557,0.11351937800645828,0.015102969482541084,4.0608666429520213e-10,0.0,0.0,3.306339237951761e-07,2.2804292143518978e-07,0.0,9.71473564277403e-05,0.0004411883419379592
LTQVMDDEVFMAFASYATIIL,0.0,0.0,3.8320802559610456e-05,5.440350747676348e-08,2.380839032412041e-05,3.438853582338197e-06,0.0,0.0,0.0,0.0,1.9939784579037223e-06,1.7765347365639172e-05,0.9999005794525146,0.0,0.0010937845800071955,8.199084504667553e-07,3.225588685040748e-08,0.0,0.0,0.0003102725313510746
TSRPSKEADNTVKMATQAPGS,0.0,0.18271787464618683,4.6416694203799125e-06,9.242678844501029e-10,1.521072681498481e-05,1.3384278645389713e-06,0.0,0.7868576049804688,0.0,0.0,3.1639012831874425e-07,2.179090330400868e-08,2.9604581897046955e-08,0.0,0.0,1.4440460915920994e-07,2.1574896891252138e-06,0.0,0.0,8.940846782934386e-06
VQCDACLKWRKLPDGMDQLPE,0.0,0.0,0.8395839929580688,4.426235211685281e-10,0.23877519369125366,1.448779496371344e-08,0.0,0.0,0.0,0.0003411644429434091,0.0037682962138205767,0.007184274960309267,1.0947769357727566e-09,0.0,0.0,5.555336635154617e-09,5.937676572642658e-09,0.0,2.203028657277173e-07,0.00018065459153149277
DKKYNYPQSHKLVNSVSVNTD,0.0,0.0,0.8820398449897766,2.303053364335894e-12,0.5509703159332275,4.316683455130033e-09,0.0,0.0,0.0,0.00461355596780777,0.015779923647642136,0.012845601886510849,1.3987460278572228e-13,0.0,0.0,2.49695664145122e-09,1.607804306358318e-10,0.0,2.2133299637516757e-08,0.00011245425412198529
STGVNSSSKISTPDHDKSTVP,0.40747904777526855,0.0,1.7551816199556924e-05,6.497162833782322e-13,7.226737216114998e-05,1.0933380423239214e-07,0.7845026254653931,0.0,0.0,0.0,8.469945896649733e-06,1.1189094095698238e-07,6.13006777712144e-05,0.0,0.0,5.727368375119113e-07,1.8151629888052412e-07,0.0,0.0,0.0003709912416525185
SFIKHVLFPLKSEFVILRDEK,0.0,0.0,0.3674076795578003,3.0494123892665925e-10,0.6667006611824036,1.9906606744946043e-12,0.0,0.0,0.0,0.002924122614786029,0.03429039195179939,0.04050144553184509,8.688404162793262e-11,0.0,0.0,8.857128364070377e-08,1.8012158875535533e-07,0.0,2.8864155865448993e-06,0.002296110847964883
SEGTFLSSAQKRGRGGESDLE,0.0,0.0,0.891411542892456,4.3482769468417004e-12,0.028797339648008347,5.974737149472276e-08,0.0,0.0,0.0,0.0049493759870529175,0.03156664967536926,0.005598399788141251,8.080091457030036e-11,0.0,0.0,5.19662021747358e-11,2.4818289645622826e-09,0.0,1.3233357094577514e-05,0.0019163743127137423
EAGVNIVEMLKALHALQKENQ,0.0,0.0,0.6682543754577637,1.034214727746452e-10,0.025764692574739456,4.111433860032321e-09,0.0,0.0,0.0,0.001010499196127057,0.004412911366671324,0.025968704372644424,6.577149954936558e-16,0.0,0.0,2.1132354532937825e-08,5.019438049203018e-06,0.0,5.212918452457416e-08,3.6098292184760794e-05
ALLIYLMRMVKALMDNPTLYL,0.0,0.0,0.10581913590431213,2.435424661939578e-08,0.3853072226047516,1.319089051321498e-07,0.0,0.0,0.0,0.7482168674468994,0.004206675570458174,0.0813140943646431,3.260455239129101e-09,0.0,0.0,4.930303020955762e-06,1.528257052996196e-05,0.0,2.2882399207446724e-05,0.04897104203701019
PSRGTDTAKHRGGLGPSATYS,0.0,0.0,0.0003283143159933388,4.158382622618251e-13,3.6506346077658236e-05,3.6559846705586097e-08,0.0,0.0,0.9999271631240845,0.0,3.6924258893122897e-05,4.982552582077915e-06,5.680847243638709e-05,0.0,0.0,1.9869094813884658e-08,4.372749939918208e-10,0.0,0.0,0.0004205543373245746
CQAKVEQAVETEPEPELRQQT,0.0,0.4489061236381531,2.7972184398095123e-05,1.2920615966027782e-11,8.474014612147585e-05,3.100802947741954e-10,0.0,0.5968417525291443,0.0,0.0,1.64956600201549e-05,2.6470402190170716e-06,2.913704300055997e-08,0.0,0.0,3.699056378536625e-06,1.0975311852234881e-05,0.0,0.0,0.012486500665545464
KVELSQLRVAKVTGGAASKLS,0.0,0.0,0.6802472472190857,4.8883230796548105e-11,0.1846785694360733,4.2026226765301544e-07,0.0,0.0,0.0,0.0005680943722836673,0.023067815229296684,0.015897758305072784,1.8654022770903111e-10,0.0,0.0,1.0805137407032817e-07,2.3469086674055006e-09,0.0,9.664237950346433e-06,0.0011892069596797228
---------MATADTPAPASS,0.0,0.0,3.1890198442852125e-05,3.896681391779566e-06,2.4505263354512863e-05,6.546706510235367e-10,0.0,0.0,0.0,0.0,2.709882210183423e-05,1.3998312624607934e-06,4.4483804231276736e-05,0.9999892711639404,0.0,8.620010483184615e-09,2.2562328013009392e-05,0.0,0.0,5.912624345683071e-08
DTENKILFLEKEEKYAVFKNP,0.0,0.0,0.704599916934967,4.777037099223946e-10,0.2604333162307739,2.8379486260998732e-11,0.0,0.0,0.0,0.002774530556052923,0.036538153886795044,0.04084407165646553,3.163143080797681e-10,0.0,0.0,1.1844768010860207e-07,2.630636330991365e-08,0.0,3.2811757932904584e-07,5.291159322950989e-05
---MAASGPGCRSWCLCPEVP,0.0,0.0,0.0008463660487905145,2.113830817052076e-07,0.0002853707119356841,3.3516085740092905e-11,0.0,0.0,0.0,0.0,1.4860985174891539e-05,0.00012440577847883105,6.584733824865907e-08,0.0,0.0,0.025072159245610237,0.9528211355209351,0.0,0.0,0.017041945829987526
AKAGLVDDFEKKFNALKVPVP,0.0,0.0,0.37993472814559937,1.5717766985948872e-13,0.37696588039398193,4.786723240002289e-10,0.0,0.0,0.0,0.006201838608831167,0.0032972735352814198,0.05175205320119858,2.880925749695895e-14,0.0,0.0,6.371813299210771e-09,9.402625344989701e-09,0.0,1.2471725767682074e-06,0.00013863084313925356
DITEGVDIPKKPRLEKPETQS,0.0,0.0,0.754572331905365,1.1676438982366477e-10,0.13394498825073242,2.2631484242197075e-08,0.0,0.0,0.0,0.0011389473220333457,0.038449741899967194,0.040556032210588455,3.2977009567503046e-08,0.0,0.0,1.3355798245129336e-08,8.011503460636504e-09,0.0,3.3633184557402274e-06,0.00025140217621810734
AWGPWSECSRTCGGGASYSLR,0.0,0.10312750935554504,9.932213288266212e-06,8.325303779699311e-10,2.245418909296859e-05,8.339873602380976e-06,0.0,0.937588095664978,0.0,0.0,1.7794774009871617e-07,7.406775637264218e-08,2.0882045646430925e-05,0.0,0.0,2.0871785011422617e-07,4.7048877149791224e-07,0.0,0.0,0.004871780052781105
ENKVSEVYSGKTNSNAITSWA,0.0,0.0,0.9150533676147461,1.0940128468937826e-13,0.04977031424641609,2.223659430455882e-05,0.0,0.0,0.0,0.0022370119113475084,0.014719461090862751,0.015178553760051727,1.2465509513504003e-08,0.0,0.0,1.6376876033064036e-07,1.5744562915642746e-06,0.0,2.6640685746315285e-07,0.0003782237181439996
DMIPPRSISQSISGQK-----,0.9766586422920227,0.0,2.8098082111682743e-05,6.038475248715258e-07,4.071755483892048e-06,1.8254991118737962e-07,0.1352597177028656,0.0,0.0,0.0,4.531166553078947e-07,1.2154347928117204e-07,7.741757144685835e-06,0.0,0.0,8.909683657520873e-09,1.7566185306350235e-06,0.0,0.0,1.4768886558158556e-06
PDLDLSAINDKSIVKKTPQLA,0.0,0.0,0.7718957662582397,4.601814064797958e-16,0.051708489656448364,6.212930018546781e-13,0.0,0.0,0.0,0.00029906979762017727,0.0034725829027593136,0.0028157439082860947,5.118787685387538e-11,0.0,0.0,2.635028408803919e-07,1.1409643008164494e-08,0.0,0.0017254928825423121,9.725423296913505e-05
EQYTALSNMPKKSSVVLDDGL,0.0,0.0,0.8193625211715698,2.14581730162422e-09,0.22242915630340576,9.04293241850429e-13,0.0,0.0,0.0,0.004524804651737213,0.023948868736624718,0.030209235846996307,4.916534193655231e-11,0.0,0.0,4.213136719499744e-07,2.3457589577446925e-06,0.0,6.521428531414131e-06,0.0020145049784332514
DTALKHYDKAKELDPTNMTYI,0.0,0.0,0.8538447618484497,4.2240913544766556e-10,0.05386703461408615,1.376330605040721e-09,0.0,0.0,0.0,0.004131530411541462,0.03591310605406761,0.051716968417167664,2.5866921452011304e-12,0.0,0.0,3.304110975932417e-07,2.797319496039563e-07,0.0,9.089137442686024e-09,0.00016465061344206333
NLAEFERRAEKNLLIMCKEKE,0.0,0.0,0.25696584582328796,1.1682687152750337e-12,0.43950435519218445,1.146502059956589e-10,0.0,0.0,0.0,0.002959196688607335,0.003081885166466236,0.03087211586534977,8.810048502359835e-13,0.0,0.0,1.485959533198411e-08,3.085204869357483e-10,0.0,3.3886743722177926e-07,6.066557762096636e-05
LSEWKKGCEVS----------,0.9881615042686462,0.0,3.415322498767637e-05,1.7941430996870622e-05,5.3347925131674856e-05,4.86639521568577e-07,0.010310003533959389,0.0,0.0,0.0,2.6982419853993633e-07,1.4876005707264994e-06,1.6261461496469565e-05,0.0,0.0,2.418314160035351e-10,2.967103228002088e-06,0.0,0.0,0.00032024848042055964
IHRHLKSRTTSHGRVGATAAV,0.17201219499111176,0.0,5.194049663259648e-06,9.539633666344471e-11,0.00027283187955617905,3.27119010989918e-07,0.8327635526657104,0.0,0.0,0.0,2.5137028387689497e-06,7.381100886050262e-07,3.688045868699419e-09,0.0,0.0,8.712734711480152e-07,3.290704989922233e-05,0.0,0.0,9.700979717308655e-05
RTKKLSDYVGKNEKTKIIAKI,0.0,0.0,0.0320880264043808,3.6221128093399946e-12,0.5904989242553711,3.412089055743195e-09,0.0,0.0,0.0,0.0011989863123744726,0.017262982204556465,0.2290210872888565,5.8338279984582186e-08,0.0,0.0,2.2491948581393473e-10,2.962752612689634e-11,0.0,2.475314431649167e-06,0.00013558476348407567
PPPFPPPGGDRGRGGPGGMRG,0.0,0.0,0.00019475426233839244,7.052365635917823e-12,9.235972538590431e-05,2.4287547262247244e-07,0.0,0.0,0.9998617172241211,0.0,3.564251528587192e-05,1.2239764828336774e-06,4.409948087413795e-05,0.0,0.0,1.8634054299582203e-08,5.624886334487655e-09,0.0,0.0,0.00012275813787709922
LEGDLEHRGRKISDLKKYAQK,0.0,0.0,0.34902283549308777,6.807075736414703e-12,0.37077370285987854,9.214282808978069e-11,0.0,0.0,0.0,0.016243549063801765,0.029454663395881653,0.10492298007011414,6.180580935932767e-09,0.0,0.0,2.559345830377424e-06,4.087382432516051e-09,0.0,7.688561709073838e-06,0.014550702646374702
TKQIRDRLLETFTFRKSPL--,0.0,0.9910083413124084,5.9072299336548895e-06,3.841966827167198e-05,8.843538125802297e-06,3.1964921731741924e-07,0.0,0.01345852855592966,0.0,0.0,1.5913558115698834e-07,1.242279097368737e-07,2.2618337425228674e-06,0.0,0.0,2.3043746466555604e-07,1.2524850490081008e-06,0.0,0.0,1.1400755965951248e-06
DLLAPISEQIKEVITFREKNR,0.0,0.0,0.6921622157096863,1.0850566322176403e-12,0.04402470216155052,3.1943034883852306e-08,0.0,0.0,0.0,0.007195865735411644,0.0020441454835236073,0.012702862732112408,5.274798682050445e-16,0.0,0.0,2.1150248219470313e-09,8.172572734110872e-07,0.0,4.681756763602607e-06,0.00040507226367481053
SLFGKDTTQSKPVSSPFPTKP,0.0,0.0,0.8445025682449341,2.559013001501853e-10,0.2835513651371002,5.301088457088099e-10,0.0,0.0,0.0,0.0003563283826224506,0.028299180790781975,0.006394862197339535,4.4921709581313696e-12,0.0,0.0,1.0451007881329133e-07,1.0637659642043218e-07,0.0,2.168232349220034e-08,0.000518652843311429
AASAAAMNLASARTPAIPTAV,0.14305031299591064,0.0,5.879679156350903e-05,1.5833659036679215e-11,2.865741407731548e-05,1.2588150966053036e-08,0.9309471845626831,0.0,0.0,0.0,1.455099862823772e-07,2.065915793991735e-07,3.0813730518275406e-06,0.0,0.0,7.516613997893273e-09,1.8656145073236985e-07,0.0,0.0,0.005149524193257093
LVVYIGSTLSYFGLAAVFIDF,0.0,0.0,1.585070822329726e-05,0.9363440275192261,0.00014449693844653666,0.00018421633285470307,0.0,0.0,0.0,0.0,2.6527070076554082e-05,5.9189347666688263e-05,9.387948196604157e-09,0.0,0.0,1.393709590047365e-05,2.0044488337589428e-05,0.0,0.0,0.027909187600016594
ETILEAMKALKELFEFRPRSK,0.0,0.0,0.7182623744010925,8.480446163014466e-13,0.15734046697616577,8.054680478153387e-09,0.0,0.0,0.0,0.012989219278097153,0.003855867078527808,0.20880351960659027,1.2420830152164858e-14,0.0,0.0,5.421130766514182e-10,8.033738367885235e-07,0.0,5.496010544447927e-06,6.015121107338928e-05
AKHVFTTFYAKTKSLLVNPVL,0.0,0.0,0.24336989223957062,1.0513846737669752e-11,0.47485587000846863,1.560063601739603e-12,0.0,0.0,0.0,0.010153618641197681,0.004925033543258905,0.024556709453463554,3.215773827780488e-11,0.0,0.0,7.710555749440573e-09,9.4342476586462e-06,0.0,0.00013557817146647722,0.00010045474482467398
QKIPNGENETMIPVLTSKKAS,0.0,0.0,4.737312701763585e-05,9.31322503561205e-08,4.8077745304908603e-05,3.042089474547538e-06,0.0,0.0,0.0,0.0,9.11245933821192e-06,7.735981489531696e-05,0.9892520308494568,0.0,0.0009223902015946805,4.457035061022907e-07,3.3752252193153254e-07,0.0,0.0,0.003203378524631262
LAKALQAGPLKKDGPMQITVK,0.0,0.0,0.6217689514160156,2.9547477797819965e-09,0.025021886453032494,4.204915171612811e-08,0.0,0.0,0.0,0.37872958183288574,0.1175488829612732,0.03206431493163109,7.280156921751768e-09,0.0,0.0,9.090190822291788e-10,3.2030550434214433e-10,0.0,5.298126666275493e-07,0.00320432404987514
PKKEANKEFVKVVSKKINRNT,0.0,0.0,0.7371545433998108,1.1690372003769767e-09,0.5941186547279358,1.3960789857492273e-08,0.0,0.0,0.0,0.002561896340921521,0.008129801601171494,0.022488657385110855,2.344479048833198e-13,0.0,0.0,4.669832378567662e-07,7.850047722968156e-07,0.0,7.064380156407424e-07,0.0032176098320633173
KIAAYGHEVGKRPWITGDESI,0.0,0.0,0.36619752645492554,2.4955208038912602e-11,0.2079513818025589,1.4905371587600053e-13,0.0,0.0,0.0,0.0001309602230321616,0.03163361921906471,0.01992865279316902,2.1830733054617468e-10,0.0,0.0,1.650477088332991e-07,6.054394763310711e-09,0.0,4.344291937741218e-06,0.000981837627477944
QDRCHRIGQTKPVVVYRLVTA,0.0,0.0,0.5676397681236267,5.5189050012405434e-15,0.4898109436035156,1.070934053243322e-11,0.0,0.0,0.0,0.00030231958953663707,0.021555684506893158,0.03461611643433571,2.7296901718154576e-12,0.0,0.0,1.5301862958949641e-06,5.709366064365895e-07,0.0,6.56135199506025e-08,1.2501863238867372e-05
AVSSLPELLEKKRLIDLHTNV,0.0,0.0,0.959519624710083,7.999222395582706e-10,0.08677958697080612,8.170354393044477e-10,0.0,0.0,0.0,8.922346751205623e-06,0.011697810143232346,0.0020986301824450493,6.436659538699985e-10,0.0,0.0,8.791926908724434e-11,3.766972567209592e-10,0.0,1.06878414953826e-05,8.63844106788747e-05
LENRLQNMEVTDA--------,0.0,0.9977933168411255,8.54183963383548e-05,1.5647039617761038e-05,0.00014900192036293447,2.9458786343639076e-07,0.0,0.005194845609366894,0.0,0.0,5.126249789100257e-07,9.479724099037412e-07,2.2881657059770077e-05,0.0,0.0,4.113975382580293e-09,1.5827763490960933e-05,0.0,0.0,5.032456465414725e-05
ALQMDRDSDVKYFASIHPAST,0.0,0.0,0.7216436266899109,1.8311653582347986e-10,0.20719990134239197,1.5551528065316234e-08,0.0,0.0,0.0,0.005399481393396854,0.018077781423926353,0.01271154172718525,7.515096007210847e-16,0.0,0.0,6.945167219107873e-10,2.7644871352094924e-06,0.0,3.172831952724664e-08,0.00011904548591701314
KDPSCKTCNISVGR-------,0.7022238969802856,0.0,0.00012899297871626914,9.152906272902328e-07,7.3610362960607745e-06,1.0591237042945068e-07,0.24058642983436584,0.0,0.0,0.0,1.9221425873183762e-07,5.8915841094631105e-08,6.514441793115111e-06,0.0,0.0,8.91299367644649e-10,2.5969411581172608e-06,0.0,0.0,3.600299169193022e-05
PTRKKTLSTFKESWK------,0.0,0.0,0.6508118510246277,3.996658282101606e-10,0.023715753108263016,7.925056166868671e-09,0.0,0.0,0.0,0.31909599900245667,0.040614351630210876,0.0016706612659618258,1.076962893864497e-10,0.0,0.0,3.334109655028783e-09,9.688626960269175e-06,0.0,0.0006910385563969612,9.614806913305074e-05
LVQGRPAGAEKPYICNECGKS,0.0,0.0,0.3611565828323364,4.058467971412849e-13,0.7049527764320374,2.7765519050593213e-11,0.0,0.0,0.0,0.00012153320130892098,0.022710025310516357,0.08481535315513611,1.978981865533025e-12,0.0,0.0,1.9176714260993322e-07,1.0357299018437516e-08,0.0,7.536624707427109e-06,0.0002680462202988565
QGPLRDVFDTKQLITDISGSG,0.0,0.0,0.8782492876052856,1.5236616696524645e-14,0.19216600060462952,2.0548455381685926e-07,0.0,0.0,0.0,0.010474046692252159,0.02479124814271927,0.024573344737291336,2.7760589205172437e-07,0.0,0.0,1.9692899968504207e-06,4.715785962616792e-06,0.0,8.517476999259088e-06,0.0008381035295315087
IRKGRIEYLVKWKGWAIKYST,0.0,0.0,0.9448602199554443,1.282154715731565e-09,0.07371019572019577,6.447142624453617e-13,0.0,0.0,0.0,0.0020863008685410023,0.018806569278240204,0.06390120089054108,5.078849008022246e-10,0.0,0.0,1.2262929560691305e-09,2.045998996891285e-07,0.0,3.3606982469791546e-05,0.00010406298679299653
DLLSTVSIRYSGHSL------,0.9979591369628906,0.0,3.60360681952443e-05,5.036124093749095e-06,3.815319360001013e-06,1.287310311681722e-07,0.013286346569657326,0.0,0.0,0.0,2.3487018552259542e-07,1.4179940421854553e-07,2.52727659244556e-06,0.0,0.0,1.8623360631409014e-08,1.9866180878125306e-07,0.0,0.0,1.0580848538666032e-05
YELLSDELNQKSATLASIDAE,0.0,0.0,0.9907053112983704,3.483303326768522e-13,0.08880814164876938,7.2624317584008e-13,0.0,0.0,0.0,0.0011518081882968545,0.010606366209685802,0.0051490552723407745,5.0787319635188163e-14,0.0,0.0,7.167222406678775e-07,2.0750176190631464e-05,0.0,1.814318125070713e-06,2.735324414970819e-05
EEQPQVELFVKAGSDGAKIGN,0.0,0.0,0.07211552560329437,3.287578542732206e-11,0.7127553820610046,7.612865893236176e-09,0.0,0.0,0.0,0.05124802142381668,0.3777908384799957,0.17361286282539368,6.322808162456672e-12,0.0,0.0,1.663322990452798e-08,2.6664016772315335e-08,0.0,4.284012504740531e-07,0.0004850559344049543
---------MAGTALKRLMAE,0.0,0.0,0.00011452595208538696,1.963014256034512e-05,1.1689056918839924e-05,3.199515097307426e-09,0.0,0.0,0.0,0.0,1.2238668205100112e-05,4.188249022263335e-06,0.00018700423242989928,0.9997565150260925,0.0,2.9502556841976002e-08,2.361403858230915e-05,0.0,0.0,9.439318660042773e-07
GVKRKDLNSDMDSILASLKLP,0.0,0.0,0.00014873137115500867,1.7964276821658132e-06,7.084374374244362e-05,6.270623089221772e-06,0.0,0.0,0.0,0.0,8.660481398692355e-06,5.8549147070152685e-05,0.9976075887680054,0.0,2.6695859560277313e-05,5.148265245225048e-06,1.6232316113473644e-07,0.0,0.0,0.0022727467585355043
RLSTASCPTPKVQSRCSSKEN,0.0,0.0,0.6221557259559631,7.810206648084517e-11,0.40349292755126953,5.12760436777171e-07,0.0,0.0,0.0,0.000311264448100701,0.012500991113483906,0.004194970708340406,7.487226984237427e-12,0.0,0.0,5.588374762943715e-10,2.734060977616082e-09,0.0,3.730396613832454e-08,3.954502972192131e-05
LKCIRKWRSAKQFESKIIKSC,0.0,0.0,0.7395896315574646,1.3257285547130238e-10,0.6003583669662476,7.0585395306466125e-09,0.0,0.0,0.0,0.0065339854918420315,0.0018586833029985428,0.027265163138508797,5.94882476612213e-11,0.0,0.0,1.238195039832135e-07,6.43416342427372e-06,0.0,9.173940634354949e-05,0.0007498922059312463
NKTDLAKALMKAVKEEGFPIR,0.0,0.0,0.5002989768981934,2.6772570271837992e-11,0.6005048155784607,7.553524739023487e-08,0.0,0.0,0.0,0.0008808281854726374,0.002606163267046213,0.021299967542290688,3.782087490411534e-12,0.0,0.0,2.0149168999950007e-09,3.7026008925522547e-09,0.0,6.08755385655968e-07,6.249194120755419e-05
LARMREYERMKTEAESNSNMR,0.0,0.0,0.9830324649810791,7.578699889876361e-10,0.09642188251018524,1.8913532073838724e-08,0.0,0.0,0.0,0.014969335868954659,0.05387081950902939,0.015925122424960136,6.719198530902304e-10,0.0,0.0,4.828244914989455e-09,3.98016233305043e-08,0.0,4.3874581479030894e-07,1.008406252367422e-05
--------MDTESTYSGYSYY,0.0,0.9999221563339233,0.00010113688767887652,4.017427812641472e-08,0.000108714921225328,6.732347515026049e-07,0.0,0.00034021487226709723,0.0,0.0,3.733904304681346e-05,5.826583446832956e-07,8.645624234304705e-07,0.0,0.0,6.159333679534029e-06,1.1598323908401653e-05,0.0,0.0,3.6964848959541996e-08
QKEENKGGEDKLKMIREYRQM,0.0,0.0,0.635793149471283,1.6395167558649892e-12,0.524852991104126,1.8614860900541957e-13,0.0,0.0,0.0,0.007636296097189188,0.07370895147323608,0.014152074232697487,2.9355541435183152e-12,0.0,0.0,2.404675001344003e-07,6.8865861067024525e-06,0.0,5.41104054718744e-06,4.458883631741628e-05
INHYANLFHEKRSELEEQQMH,0.0,0.0,0.9030011296272278,8.281793491011352e-15,0.231575608253479,1.293433676136102e-13,0.0,0.0,0.0,0.04766131937503815,0.02309286780655384,0.002976104849949479,6.654036349695858e-11,0.0,0.0,3.595235966713517e-07,2.238785327790538e-06,0.0,3.908478174707852e-05,0.00016066052194219083
KYLETKKVTASMEE-------,0.9829861521720886,0.0,2.282830246258527e-05,8.533775712749048e-07,1.4813484085607342e-05,1.003047600534046e-06,0.012959158048033714,0.0,0.0,0.0,1.7784883254989836e-07,1.6321628493187745e-08,2.8352424124022946e-06,0.0,0.0,6.669910734835582e-10,6.287457949838426e-07,0.0,0.0,3.707150426635053e-07
PNGTSAALRETGVIEKLLTSY,0.0,0.5779120326042175,3.642468527687015e-06,6.05030123224104e-11,9.049594154930674e-06,1.707153418628593e-09,0.0,0.7461300492286682,0.0,0.0,1.1837281022053503e-07,2.9216801067377673e-07,3.043808050051666e-08,0.0,0.0,2.855351795005845e-06,3.48283805351457e-07,0.0,0.0,1.9679155229823664e-05
VEVTKEEFAQSAIRYGQVTPL,0.03912115469574928,0.0,4.930999239149969e-06,3.961483585612768e-09,1.3700587260245811e-05,3.829125125776045e-05,0.8498361706733704,0.0,0.0,0.0,1.5013156371423975e-06,1.263240505977592e-06,2.852823968169105e-07,0.0,0.0,1.6669472415742348e-06,2.657043012277427e-07,0.0,0.0,0.08636052906513214
NIASGTSEQTKAVVDGGAIPA,0.0,0.0,0.5780662894248962,3.2874345606836997e-11,0.205071359872818,4.703597511479529e-09,0.0,0.0,0.0,0.006781891454011202,0.15269534289836884,0.10537829250097275,3.3573858970736836e-11,0.0,0.0,4.85780110466294e-05,4.1293941421827185e-07,0.0,1.0134721151189297e-07,4.8231668188236654e-05
---------MTMTMSYKAIEK,0.0,0.9980060458183289,4.672721479437314e-05,1.0595717192529719e-08,5.827436689287424e-05,3.446407106366678e-07,0.0,0.011012453585863113,0.0,0.0,1.5505995179410093e-05,1.4996025754498987e-07,3.275454503182118e-07,0.0,0.0,1.830048176998389e-06,7.1284275691141374e-06,0.0,0.0,1.2277681982197919e-08
PNSQSKVDWGKFFLLKRFNKE,0.0,0.0,0.9691786766052246,6.20684694979212e-15,0.21997639536857605,1.756140649566973e-10,0.0,0.0,0.0,0.00029882980743423104,0.021469304338097572,0.031790055334568024,6.243915540854461e-12,0.0,0.0,2.2228879004160262e-07,3.945296001006682e-08,0.0,8.14328871001635e-07,1.1445602467574645e-05
SLLMKLFQRSTPAITLESPDI,0.0,0.275133341550827,2.1299383661244065e-05,1.161579721298267e-10,0.00011068481398979202,4.951969945210521e-10,0.0,0.8729866147041321,0.0,0.0,7.989477808223455e-07,3.635950349689665e-07,9.985673399270922e-11,0.0,0.0,6.706957265123492e-07,3.491919778753072e-05,0.0,0.0,3.584277919799206e-06
SPVFKELPGAKANDDSTIPLT,0.0,0.0,0.8764470815658569,1.8750226371544443e-10,0.36907148361206055,8.186177780089565e-08,0.0,0.0,0.0,0.0060698967427015305,0.015392201952636242,0.04135560616850853,4.664724606584514e-09,0.0,0.0,5.11041449158256e-08,1.4568709794104961e-08,0.0,1.0791644854180049e-05,0.000783056253567338
HYQVEKLFGASSPPPGAVPSG,0.47306135296821594,0.0,3.956927685067058e-06,1.731057430731653e-08,9.747367585077882e-06,3.2750762102295994e-07,0.9145205616950989,0.0,0.0,0.0,2.65301896007486e-08,1.7184612843834657e-08,1.1357075891282875e-05,0.0,0.0,1.6659892354553563e-09,3.448468532951665e-07,0.0,0.0,2.5295448722317815e-05
